year;month;Initial Amount
2020.0;11.0;22737.5
2021.0;1.0;20726.6875
2021.0;2.0;5204.166666666667
2021.0;3.0;5669.728571428571
2021.0;4.0;12195.0
2021.0;7.0;16223.333333333334
2021.0;9.0;12400.0
2021.0;10.0;12000.0
2021.0;11.0;333975.0
2021.0;12.0;2345.0
2022.0;1.0;3326.0
2022.0;2.0;50120.0
2022.0;3.0;60330.0
2022.0;4.0;70540.0
